{
    "@class": "com.kony.gen.viz.model.component.KVizButton",
    "DNDConfig": null,
    "__parentReadjusting__": false,
    "_blur_": {
        "enabled": false,
        "value": 0
    },
    "_bottom_": {
        "type": "string",
        "value": "0dp"
    },
    "_height_": {
        "type": "string",
        "value": "60dp"
    },
    "_left_": {
        "type": "string",
        "value": "6%"
    },
    "_margin_": [
        6,
        6,
        6,
        6
    ],
    "_padding_": [
        0,
        0,
        0,
        0
    ],
    "_skin_": "sf51b40dbfc64cd898a96519153fdd9f",
    "_text_": "Cancel",
    "_width_": {
        "type": "string",
        "value": "100%"
    },
    "canUpdateUI": true,
    "centerx": {
        "type": "string",
        "value": "50%"
    },
    "containerweight": 100,
    "contentalignment": 5,
    "displaytext": true,
    "focusskin": "sf51b40dbfc64cd898a96519153fdd9f",
    "id": "btnCancel",
    "info": null,
    "iscustomlayout": false,
    "isvisible": true,
    "kuid": "a4a94ee5c9aa472991896b60fb2fe16b",
    "name": "kony.ui.Button",
    "parent": "FlexContainerData",
    "pf": "frmAddDPR",
    "retaincontentalignment": false,
    "retainflexpositionproperties": false,
    "wType": "Button"
}