{
    "DNDConfig": null,
    "__parentReadjusting__": false,
    "_bottom_": {
        "type": "number",
        "value": "-30"
    },
    "_height_": {
        "type": "string",
        "value": "250dp"
    },
    "_margin_": [
        0,
        0,
        0,
        0
    ],
    "_orientation_": 6,
    "_padding_": [
        0,
        0,
        0,
        0
    ],
    "_percent_": true,
    "_right_": {
        "type": "string",
        "value": "0%"
    },
    "_skin_": "sb38d67b518f447e8f6fe2e8e1317f39",
    "_width_": {
        "type": "string",
        "value": "100%"
    },
    "allboxes": [],
    "autogrowmode": 0,
    "canUpdateUI": true,
    "children": [
        "FlexContainerProfileHeader",
        "FlexContainerPhotoDetails",
        "btnCancel"
    ],
    "clipbounds": true,
    "containerweight": 100,
    "enablescrolling": true,
    "id": "FlexContainerData",
    "info": null,
    "iscustomlayout": false,
    "isvisible": true,
    "kuid": "c6b90152c44f482bb8544377114d8edd",
    "layouttype": 4,
    "masterType": 1,
    "name": "kony.ui.FlexContainer",
    "parent": "flxEditImage",
    "pf": "frmAddDPR",
    "retaincontentalignment": false,
    "retainflexpositionproperties": false,
    "snapgridsize": 10,
    "snaptogrid": true,
    "wType": "FlexContainer",
    "widgetalignment": 1,
    "zindex": 20
}