{
    "@class": "com.kony.gen.viz.model.component.KVizImage2",
    "DNDConfig": null,
    "__parentReadjusting__": false,
    "_base64_": null,
    "_height_": {
        "type": "string",
        "value": "273dp"
    },
    "_left_": {
        "type": "string",
        "value": "47dp"
    },
    "_margin_": [
        0,
        0,
        0,
        0
    ],
    "_padding_": [
        0,
        0,
        0,
        0
    ],
    "_skin_": "sc1cabcc8e5146d2a870c9f31d2381a8",
    "_src_": "imagedrag.png",
    "_top_": {
        "type": "string",
        "value": "270dp"
    },
    "_width_": {
        "type": "string",
        "value": "253dp"
    },
    "canUpdateUI": true,
    "containerweight": 100,
    "context": {
        "channel": "mobile",
        "formID": "frmAddDPR",
        "platform": "iphone",
        "templateType": "forms",
        "topLevelBox": null
    },
    "id": "img",
    "imagescalemode": 1,
    "info": null,
    "iscustomlayout": false,
    "isvisible": true,
    "kuid": "f9729bedf95642e195d8e427317321cb",
    "name": "kony.ui.Image2",
    "parent": "flxDPR",
    "pf": "frmAddDPR",
    "retaincontentalignment": false,
    "retainflexpositionproperties": false,
    "srcType": 1,
    "wType": "Image",
    "widgetalignment": 5
}