{
    "@class": "com.kony.gen.viz.model.component.KVizButton",
    "DNDConfig": null,
    "__parentReadjusting__": false,
    "_height_": {
        "type": "string",
        "value": "50dp"
    },
    "_left_": {
        "type": "string",
        "value": "33dp"
    },
    "_margin_": [
        6,
        6,
        6,
        6
    ],
    "_padding_": [
        0,
        0,
        0,
        0
    ],
    "_skin_": "s219c65174dc4256bcc64cb1cbffa757",
    "_text_": "Upload",
    "_top_": {
        "type": "string",
        "value": "100dp"
    },
    "_width_": {
        "type": "string",
        "value": "300dp"
    },
    "canUpdateUI": true,
    "containerweight": 100,
    "contentalignment": 5,
    "displaytext": true,
    "focusskin": "sbaf8b7f4ace43018445ef6f39153603",
    "id": "upload",
    "info": null,
    "iscustomlayout": false,
    "isvisible": true,
    "kuid": "ae84b1123334459ea431b3341e7b3b5b",
    "name": "kony.ui.Button",
    "parent": "flxDPR",
    "pf": "frmAddDPR",
    "retaincontentalignment": false,
    "retainflexpositionproperties": false,
    "wType": "Button"
}