<application id="upload" name="upload" ffixmlversion="2.0" language="js"><jsnamespace namespace="NSPDFViewer" iphoneheaders="" ipadheaders=""><jsclasses></jsclasses><jsfunctions><jsfunction name="savePDF" returntype="String"><params><param name="base64String" type="String"/><param name="pdfName" type="String"/></params><mappings><mapping platform="android" library="pdfViewExcelFinal.jar" namespace="com.kony.custom.pdfFinal" class="CustomPDF" static="true" method="getExternalStorage" returntype="java.lang.String"  frameworks=""><params><param type="java.lang.String"/><param type="java.lang.String"/></params></mapping></mappings></jsfunction><jsfunction name="openPDF" returntype="String"><params><param name="pdfName" type="String"/><param name="applicationId" type="String"/></params><mappings><mapping platform="android" library="pdfViewExcelFinal.jar" namespace="com.kony.custom.pdfFinal" class="CustomPDF" static="true" method="openPDF" returntype="java.lang.String"  frameworks=""><params><param type="java.lang.String"/><param type="java.lang.String"/></params></mapping></mappings></jsfunction></jsfunctions></jsnamespace></application>