{
    "AS_TextField_g3d1fd7283f342aa9c0bdc6ceb62b269": {
        "id": "AS_TextField_g3d1fd7283f342aa9c0bdc6ceb62b269",
        "type": "ACTION_SEQUENCE",
        "params": [{
            "datatype": "collection",
            "name": "eventobject"
        }, {
            "datatype": "string",
            "name": "changedtext"
        }],
        "language": "js",
        "actions": [{
            "id": "ADD_SNIPPET_ide_onDone_f0f43db7f99245258f5e4658c8f8619f",
            "type": "ADD_SNIPPET",
            "codeSnippet": "this.onDoneInSearch();",
            "callbackType": null
        }]
    }
}