{
    "AS_FlexContainer_bb4ab8190dd648429fcce99c28487f06": {
        "id": "AS_FlexContainer_bb4ab8190dd648429fcce99c28487f06",
        "type": "ACTION_SEQUENCE",
        "params": [{
            "datatype": "collection",
            "name": "eventobject"
        }],
        "contextObj": {
            "name": "frmAddDPR",
            "type": "forms",
            "platform": "",
            "KUID": "j012640ca94f4871b17d0f81496d7953"
        },
        "language": "js",
        "actions": [{
            "id": "ADD_SNIPPET_ide_onClick_e394c609e52849cdbd539a5071a35625",
            "type": "ADD_SNIPPET",
            "codeSnippet": "this.onClickOfBack();",
            "callbackType": null
        }]
    }
}