{
    "AS_FlexContainer_b2e31e89a70648fe945be2736f751e9c": {
        "id": "AS_FlexContainer_b2e31e89a70648fe945be2736f751e9c",
        "type": "ACTION_SEQUENCE",
        "params": [{
            "datatype": "collection",
            "name": "eventobject"
        }],
        "contextObj": {
            "name": "frmAddDPR",
            "type": "forms",
            "platform": "",
            "KUID": "j012640ca94f4871b17d0f81496d7953"
        },
        "language": "js",
        "actions": [{
            "id": "ADD_SNIPPET_ide_onClick_ha68415d16524e5e80c2d9ed833496f5",
            "type": "ADD_SNIPPET",
            "codeSnippet": "this.onClickOfBack();",
            "callbackType": null
        }]
    }
}