{
    "AS_FlexContainer_a05c3be2928f447a8a92e01b90cafb63": {
        "id": "AS_FlexContainer_a05c3be2928f447a8a92e01b90cafb63",
        "type": "ACTION_SEQUENCE",
        "params": [{
            "datatype": "collection",
            "name": "eventobject"
        }],
        "contextObj": {
            "name": "frmAddDPR",
            "type": "forms",
            "platform": "",
            "KUID": "j012640ca94f4871b17d0f81496d7953"
        },
        "language": "js",
        "actions": [{
            "id": "ADD_SNIPPET_ide_onClick_a08e1d0b3bb54c68bb027bb03a7eefa0",
            "type": "ADD_SNIPPET",
            "codeSnippet": "this.onClickOfBack();",
            "callbackType": null
        }]
    }
}