<?xml version="1.0" encoding="UTF-8" standalone="yes"?><javaScriptFFIContainer><namespaces name="NSPDFViewer"><jsFunctions name="savePDF"><mappings platformId="8"><nativeFunction className="CustomPDF" frameworks="" library="pdfViewExcelFinal.jar" name="getExternalStorage" packageName="com.kony.custom.pdfFinal" static="false"><params dataType="java.lang.String"/><params dataType="java.lang.String"/><versionSpecificLibraries><entry><key>5.0</key></entry><entry><key>6.0</key></entry></versionSpecificLibraries></nativeFunction></mappings><params dataType="String" name="base64String"/><params dataType="String" name="pdfName"/><returnTypes>String</returnTypes></jsFunctions><jsFunctions name="openPDF"><mappings platformId="8"><nativeFunction className="CustomPDF" frameworks="" library="pdfViewExcelFinal.jar" name="openPDF" packageName="com.kony.custom.pdfFinal" static="false"><params dataType="java.lang.String"/><params dataType="java.lang.String"/><versionSpecificLibraries><entry><key>5.0</key></entry><entry><key>6.0</key></entry></versionSpecificLibraries></nativeFunction></mappings><params dataType="String" name="pdfName"/><params dataType="String" name="applicationId"/><returnTypes>String</returnTypes></jsFunctions></namespaces></javaScriptFFIContainer>