{
    "NativeFunctionAPI": {
        "iOS": {
            "11.0": {
                "Kony_FileStorage-iOS-11.0": {
                    "title": "Kony_FileStorage",
                    "platform": "iOS",
                    "os": "11.0",
                    "isDefault": true,
                    "filepath": "upload\\nativebindings\\iOS\\11.0\\Kony_FileStorage-iOS-11.0.zip",
                    "nfiversion": "2.0",
                    "enable": true
                },
                "Kony_SyncV2-iOS-11.0": {
                    "title": "Kony_SyncV2",
                    "platform": "iOS",
                    "os": "11.0",
                    "isDefault": true,
                    "filepath": "upload\\nativebindings\\iOS\\11.0\\Kony_SyncV2-iOS-11.0.zip",
                    "nfiversion": "2.0",
                    "enable": true
                },
                "Kony_SDKCommons-iOS-11.0": {
                    "title": "Kony_SDKCommons",
                    "platform": "iOS",
                    "os": "11.0",
                    "isDefault": true,
                    "filepath": "upload\\nativebindings\\iOS\\11.0\\Kony_SDKCommons-iOS-11.0.zip",
                    "nfiversion": "2.0",
                    "enable": true
                }
            },
            "12.0": {
                "Foundation-iOS-12.0": {
                    "title": "Foundation",
                    "platform": "iOS",
                    "os": "12.0",
                    "isDefault": false,
                    "filepath": "upload\\nativebindings\\iOS\\12.0\\Foundation-iOS-12.0.zip",
                    "nfiversion": "2.0",
                    "enable": true
                },
                "UIKit-iOS-12.0": {
                    "title": "UIKit",
                    "platform": "iOS",
                    "os": "12.0",
                    "isDefault": false,
                    "filepath": "upload\\nativebindings\\iOS\\12.0\\UIKit-iOS-12.0.zip",
                    "nfiversion": "2.0",
                    "enable": true
                },
                "KonyTimePicker-iOS-12.0": {
                    "title": "KonyTimePicker",
                    "platform": "iOS",
                    "os": "12.0",
                    "isDefault": false,
                    "filepath": "upload\\nativebindings\\iOS\\12.0\\KonyTimePicker-iOS-12.0.zip",
                    "nfiversion": "2.0",
                    "enable": true
                },
                "SignatureCapture-iOS-12.0": {
                    "title": "SignatureCapture",
                    "platform": "iOS",
                    "os": "12.0",
                    "isDefault": false,
                    "filepath": "upload\\nativebindings\\iOS\\12.0\\SignatureCapture-iOS-12.0.zip",
                    "nfiversion": "2.0",
                    "enable": true
                }
            }
        },
        "Android": {
            "4.0": {
                "Kony_FileStorage-Android-4.0": {
                    "title": "Kony_FileStorage",
                    "platform": "Android",
                    "os": "4.0",
                    "isDefault": true,
                    "filepath": "upload\\nativebindings\\Android\\4.0\\Kony_FileStorage-Android-4.0.zip",
                    "enable": true
                },
                "Kony_SDKCommons-Android-4.0": {
                    "title": "Kony_SDKCommons",
                    "platform": "Android",
                    "os": "4.0",
                    "isDefault": true,
                    "filepath": "upload\\nativebindings\\Android\\4.0\\Kony_SDKCommons-Android-4.0.zip",
                    "enable": true
                },
                "Kony_SyncV2-Android-4.0": {
                    "title": "Kony_SyncV2",
                    "platform": "Android",
                    "os": "4.0",
                    "isDefault": true,
                    "filepath": "upload\\nativebindings\\Android\\4.0\\Kony_SyncV2-Android-4.0.zip",
                    "enable": true
                },
                "KonyTimePicker-Android-4.0": {
                    "title": "KonyTimePicker",
                    "platform": "Android",
                    "os": "4.0",
                    "isDefault": false,
                    "filepath": "upload\\nativebindings\\Android\\4.0\\KonyTimePicker-Android-4.0.zip",
                    "enable": true
                },
                "SignatureCapture-Android-4.0": {
                    "title": "SignatureCapture",
                    "platform": "Android",
                    "os": "4.0",
                    "isDefault": false,
                    "filepath": "upload\\nativebindings\\Android\\4.0\\SignatureCapture-Android-4.0.zip",
                    "enable": true
                },
                "android.webkit-Android-4.0": {
                    "title": "android.webkit",
                    "platform": "Android",
                    "os": "4.0",
                    "isDefault": false,
                    "filepath": "upload\\nativebindings\\Android\\4.0\\android.webkit-Android-4.0.zip",
                    "enable": true
                }
            }
        }
    },
    "Metadata": {
        "Version": {
            "iOS": "2.0"
        }
    }
}