{
    "DNDConfig": null,
    "__parentReadjusting__": false,
    "_height_": {
        "type": "string",
        "value": "55%"
    },
    "_left_": {
        "type": "string",
        "value": "0"
    },
    "_margin_": [
        0,
        0,
        0,
        0
    ],
    "_orientation_": 6,
    "_padding_": [
        0,
        0,
        0,
        0
    ],
    "_percent_": true,
    "_skin_": "s55ed78146cd4bbda440021548ff100e",
    "_top_": {
        "type": "string",
        "value": "0%"
    },
    "_width_": {
        "type": "string",
        "value": "85%"
    },
    "allboxes": [],
    "android": {
        "height": {
            "type": "string",
            "value": "60%"
        },
        "top": {
            "type": "string",
            "value": "10%"
        },
        "width": {
            "type": "string",
            "value": "90%"
        }
    },
    "canUpdateUI": true,
    "centerx": {
        "type": "string",
        "value": "50.00%"
    },
    "centery": {
        "type": "string",
        "value": "50%"
    },
    "children": [
        "navTimepicker",
        "CopyFlexContainer0i4586efb8ddb40",
        "flxEnableTouch"
    ],
    "clipbounds": true,
    "containerweight": 100,
    "enablescrolling": true,
    "id": "flxContainer",
    "info": null,
    "iphone": {
        "height": {
            "type": "string",
            "value": "50%"
        },
        "width": {
            "type": "string",
            "value": "85%"
        }
    },
    "iscustomlayout": false,
    "isvisible": true,
    "kuid": "e5be7ecb8d164df48590f457742e8c87",
    "layouttype": 4,
    "name": "kony.ui.FlexContainer",
    "parent": "timepicker",
    "pf": "userwidgetmodel",
    "retaincontentalignment": false,
    "retainflexpositionproperties": false,
    "retainflowhorizontalalignment": false,
    "snapgridsize": 10,
    "snaptogrid": true,
    "wType": "FlexContainer",
    "widgetalignment": 1
}