{
    "@class": "com.kony.gen.viz.model.component.KVizNativeContainer",
    "DNDConfig": null,
    "__parentReadjusting__": false,
    "_height_": {
        "type": "string",
        "value": "100%"
    },
    "_left_": {
        "type": "string",
        "value": "0%"
    },
    "_margin_": [
        0,
        0,
        0,
        0
    ],
    "_padding_": [
        0,
        0,
        0,
        0
    ],
    "_top_": {
        "type": "string",
        "value": "0%"
    },
    "_width_": {
        "type": "string",
        "value": "101%"
    },
    "android": {
        "height": {
            "type": "string",
            "value": "87%"
        },
        "width": {
            "type": "string",
            "value": "101%"
        }
    },
    "androidwearos": {
        "render": false
    },
    "canUpdateUI": true,
    "centerx": {
        "type": "string",
        "value": "50.42%"
    },
    "containerweight": 0,
    "desktopweb": {
        "render": false
    },
    "id": "navTimepicker",
    "info": null,
    "iphone": {
        "height": {
            "type": "string",
            "value": "85%"
        },
        "top": {
            "type": "string",
            "value": "0.00%"
        },
        "width": {
            "type": "string",
            "value": "101%"
        }
    },
    "iscustomlayout": false,
    "isvisible": true,
    "kiosk": {
        "render": false
    },
    "kuid": "ac1574628841426fbb1794d44243502f",
    "name": "kony.ui.NativeContainer",
    "parent": "flxContainer",
    "pf": "userwidgetmodel",
    "retaincontentalignment": false,
    "retainflexpositionproperties": false,
    "spaan": {
        "render": false
    },
    "spaandroidtablet": {
        "render": false
    },
    "spabb": {
        "render": false
    },
    "spaip": {
        "render": false
    },
    "spaipad": {
        "render": false
    },
    "spawindowstablet": {
        "render": false
    },
    "spawinphone8": {
        "render": false
    },
    "wType": "NativeContainer",
    "watchos": {
        "render": false
    },
    "windows10": {
        "render": false
    },
    "windows8": {
        "render": false
    },
    "winphone10": {
        "render": false
    },
    "winphone8": {
        "render": false
    },
    "zindex": 1
}