{
    "@class": "com.kony.gen.viz.model.component.KVizLabel",
    "DNDConfig": null,
    "__parentReadjusting__": false,
    "_height_": {
        "type": "ref",
        "value": "preferred"
    },
    "_left_": {
        "type": "string",
        "value": "10dp"
    },
    "_margin_": [
        1,
        1,
        1,
        1
    ],
    "_padding_": [
        1,
        0,
        0,
        0
    ],
    "_skin_": "sba3787e9e054f40bb5cc8a61405d6e9",
    "_text_": "Value",
    "_top_": {
        "type": "string",
        "value": "0"
    },
    "_width_": {
        "type": "string",
        "value": "80%"
    },
    "_wrapping_": 2,
    "android": {
        "textStyle": {
            "letterSpacing": 0,
            "strikeThrough": false
        }
    },
    "canUpdateUI": true,
    "centery": {
        "type": "string",
        "value": "50.00%"
    },
    "containerId": true,
    "containerweight": 100,
    "contentalignment": 4,
    "id": "lblValue",
    "info": null,
    "ipad": {
        "psp": {
            "wrapping": 2
        }
    },
    "iphone": {
        "psp": {
            "wrapping": 2
        }
    },
    "iscustomlayout": false,
    "isvisible": true,
    "kuid": "cb14a9ae9d6844dab41aeea25b564bbe",
    "maxnumberoflines": 2,
    "maxwidth": {
        "type": "string",
        "value": "80%"
    },
    "name": "kony.ui.Label",
    "paddinginpixel": false,
    "parent": "flxOrgSearchBox",
    "pf": "tempFilters",
    "retaincontentalignment": false,
    "retainflexpositionproperties": false,
    "textstyle": {},
    "texttruncateposition": 3,
    "tooltip": "",
    "wType": "Label"
}