{
    "@class": "com.kony.gen.viz.model.component.KVizLabel",
    "DNDConfig": null,
    "__parentReadjusting__": false,
    "_height_": {
        "type": "ref",
        "value": "preferred"
    },
    "_left_": {
        "type": "string",
        "value": "0dp"
    },
    "_margin_": [
        1,
        1,
        1,
        1
    ],
    "_padding_": [
        4,
        0,
        0,
        0
    ],
    "_skin_": "sb82ae18318a4868bea2137d7df43c54",
    "_text_": "Name",
    "_top_": {
        "type": "number",
        "value": "10"
    },
    "_width_": {
        "type": "string",
        "value": "97%"
    },
    "_wrapping_": 2,
    "android": {
        "textStyle": {
            "letterSpacing": 0,
            "strikeThrough": false
        }
    },
    "canUpdateUI": true,
    "centerx": {
        "type": "string",
        "value": "50%"
    },
    "containerId": true,
    "containerweight": 100,
    "contentalignment": 4,
    "id": "reportId",
    "info": null,
    "ipad": {
        "psp": {
            "wrapping": 2
        }
    },
    "iphone": {
        "psp": {
            "wrapping": 2
        }
    },
    "iscustomlayout": false,
    "isvisible": false,
    "kuid": "g861061b0960417cb15ee408c5cf1b3c",
    "maxnumberoflines": 1,
    "maxwidth": {
        "type": "string",
        "value": "90%"
    },
    "name": "kony.ui.Label",
    "paddinginpixel": false,
    "parent": "flxDesc",
    "pf": "tempRoaster",
    "retaincontentalignment": false,
    "retainflexpositionproperties": false,
    "textstyle": {},
    "texttruncateposition": 3,
    "tooltip": "",
    "wType": "Label"
}