{
    "classname": "timepicker",
    "definitions": {
        "apis": {
            "custom": [
                {
                    "group": "General",
                    "kuid": "d2762b7cbe6b4fed97a9bff42dfdf6f8",
                    "paramList": [],
                    "propertyKey": "show",
                    "pw": {
                        "displayName": "show",
                        "uiRepresentation": "Label-Label-Button-Button"
                    },
                    "srcWgtKUID": "g93d5e5fcea84621bb819a6c74f61625",
                    "type": "event"
                },
                {
                    "group": "General",
                    "kuid": "b9e01101799045f09493085d024f69cf",
                    "paramList": [],
                    "propertyKey": "hide",
                    "pw": {
                        "displayName": "hide",
                        "uiRepresentation": "Label-Label-Button-Button"
                    },
                    "srcWgtKUID": "g93d5e5fcea84621bb819a6c74f61625",
                    "type": "event"
                },
                {
                    "group": "General",
                    "kuid": "h9a93ef4427a42698175de576aaea79e",
                    "paramList": [],
                    "propertyKey": "getTime",
                    "pw": {
                        "displayName": "getTime",
                        "uiRepresentation": "Label-Label-Button-Button"
                    },
                    "srcWgtKUID": "g93d5e5fcea84621bb819a6c74f61625",
                    "type": "event"
                },
                {
                    "group": "General",
                    "kuid": "fa21725c7e954422aaba1f557ed052a1",
                    "paramList": [
                        {
                            "name": "time"
                        }
                    ],
                    "propertyKey": "setTime",
                    "pw": {
                        "displayName": "setTime",
                        "uiRepresentation": "Label-Label-Button-Button"
                    },
                    "srcWgtKUID": "g93d5e5fcea84621bb819a6c74f61625",
                    "type": "event"
                },
                {
                    "group": "General",
                    "kuid": "g720fd5e7f62435aab8626a454392128",
                    "paramList": [
                        {
                            "name": "color"
                        }
                    ],
                    "propertyKey": "setBackgroundColor",
                    "pw": {
                        "displayName": "setBackgroundColor",
                        "uiRepresentation": "Label-Label-Button-Button"
                    },
                    "srcWgtKUID": "g93d5e5fcea84621bb819a6c74f61625",
                    "type": "event"
                },
                {
                    "group": "Android",
                    "kuid": "hf6f2934be414086ad8127e50e3a9868",
                    "paramList": [],
                    "propertyKey": "is24HoursView",
                    "pw": {
                        "displayName": "is24HoursView",
                        "uiRepresentation": "Label-Label-Button-Button"
                    },
                    "srcWgtKUID": "g93d5e5fcea84621bb819a6c74f61625",
                    "type": "event"
                }
            ],
            "passthrough": []
        },
        "events": {
            "custom": [
                {
                    "group": "General",
                    "kuid": "d49fa6b3537b456ab8c5c8becb4e7904",
                    "paramList": [
                        {
                            "name": "time"
                        }
                    ],
                    "propertyIndex": 1,
                    "propertyKey": "onTimeChanged",
                    "pw": {
                        "displayName": "onTimeChanged",
                        "uiRepresentation": "Label-Label-Button-Button"
                    },
                    "srcWgtKUID": "g93d5e5fcea84621bb819a6c74f61625",
                    "type": "event"
                }
            ],
            "passthrough": [
                {
                    "access": "Enable",
                    "group": "General",
                    "kuid": "c797ef361d894015a341b64aa55058b9",
                    "originalPropertyKey": "onClick",
                    "propertyIndex": 2,
                    "propertyKey": "onCancel",
                    "pw": {
                        "access": "readwrite",
                        "category": "action",
                        "displayName": "onCancel",
                        "srcWidget": "btnBottomNotNow",
                        "type": "action",
                        "uiRepresentation": "Label-Label-Button-Button",
                        "wType": "Button"
                    },
                    "srcWgtKUID": "b11314e6464d48edacae90cd01e6e6a3"
                },
                {
                    "access": "Enable",
                    "group": "General",
                    "kuid": "ea4c435d6eb541d8b62d86c2e1f6058d",
                    "originalPropertyKey": "onClick",
                    "propertyIndex": 3,
                    "propertyKey": "onApply",
                    "pw": {
                        "access": "readwrite",
                        "category": "action",
                        "displayName": "onApply",
                        "srcWidget": "btnBottomEnable",
                        "type": "action",
                        "uiRepresentation": "Label-Label-Button-Button",
                        "wType": "Button"
                    },
                    "srcWgtKUID": "fd13b8339e14436190ef03978a6d3789"
                }
            ]
        },
        "groups": {
            "apis": [
                "General",
                "Android"
            ],
            "events": [
                "Android"
            ],
            "properties": [
                "Android"
            ],
            "widgets": []
        },
        "properties": {
            "custom": [
                {
                    "access": "Write",
                    "defaultValue": "",
                    "group": "General",
                    "kuid": "h9d71f3886b34dc292b9e544095b4e72",
                    "originalPropertyKey": "bgColor",
                    "propertyIndex": 1,
                    "propertyKey": "bgColor",
                    "pw": {
                        "displayName": "Background Color",
                        "uiRepresentation": "Label-Textbox"
                    },
                    "srcWgtKUID": "g93d5e5fcea84621bb819a6c74f61625",
                    "type": "string",
                    "value": ""
                },
                {
                    "access": "Write",
                    "defaultValue": true,
                    "group": "Android",
                    "kuid": "cbce2563bbe44f05b202a6cd4081e1ca",
                    "originalPropertyKey": "hoursView",
                    "propertyIndex": 1,
                    "propertyKey": "hoursView",
                    "pw": {
                        "displayName": "Twenty Four Hours Format",
                        "uiRepresentation": "Label-Radiobuttongroup"
                    },
                    "srcWgtKUID": "g93d5e5fcea84621bb819a6c74f61625",
                    "type": "boolean",
                    "value": "true/false"
                },
                {
                    "access": "Write",
                    "defaultValue": "",
                    "group": "General",
                    "kuid": "ef3d785310264083a3b8210858243505",
                    "originalPropertyKey": "time",
                    "propertyIndex": 2,
                    "propertyKey": "time",
                    "pw": {
                        "displayName": "Set Time",
                        "uiRepresentation": "Label-Textbox"
                    },
                    "srcWgtKUID": "g93d5e5fcea84621bb819a6c74f61625",
                    "type": "string",
                    "value": ""
                },
                {
                    "access": "Write",
                    "defaultValue": true,
                    "group": "General",
                    "kuid": "ffe3a4309d074d6f8ac1b17030827da9",
                    "originalPropertyKey": "invokeByDefault",
                    "propertyIndex": 3,
                    "propertyKey": "invokeByDefault",
                    "pw": {
                        "displayName": "Invoke by Default",
                        "uiRepresentation": "Label-Radiobuttongroup"
                    },
                    "srcWgtKUID": "g93d5e5fcea84621bb819a6c74f61625",
                    "type": "boolean",
                    "value": "true/false"
                }
            ],
            "passthrough": []
        },
        "widgets": {
            "expose": [
                {
                    "kuid": "b86627d423f8498fbf223fc487b662a6",
                    "propertyKey": "btnApply",
                    "srcWgtKUID": "fd13b8339e14436190ef03978a6d3789"
                },
                {
                    "kuid": "aebb8601a6474c1783b35b3d921c5610",
                    "propertyKey": "btnCancel",
                    "srcWgtKUID": "b11314e6464d48edacae90cd01e6e6a3"
                }
            ],
            "passthrough": []
        }
    },
    "namespace": "com.konymp",
    "version": "1.0.0"
}