{
    "DNDConfig": null,
    "__parentReadjusting__": false,
    "_bottom_": {
        "type": "string",
        "value": "2dp"
    },
    "_height_": {
        "type": "string",
        "value": "97%"
    },
    "_left_": {
        "type": "string",
        "value": "0"
    },
    "_margin_": [
        0,
        0,
        0,
        0
    ],
    "_orientation_": 6,
    "_padding_": [
        0,
        0,
        0,
        0
    ],
    "_percent_": true,
    "_skin_": "sad115ab4b9c44459ce4adc827bb1122",
    "_top_": {
        "type": "number",
        "value": "2"
    },
    "_width_": {
        "type": "string",
        "value": "100%"
    },
    "allboxes": [],
    "autogrowmode": 0,
    "canUpdateUI": true,
    "children": [
        "toolsCharges",
        "lblValue",
        "flxcheck"
    ],
    "clipbounds": true,
    "containerId": true,
    "containerweight": 100,
    "enablescrolling": true,
    "id": "flxOrgSearchBox",
    "info": null,
    "iscustomlayout": false,
    "isvisible": true,
    "kuid": "gd5761376f384e9b872d4e0dc7c5e28a",
    "layouttype": 2,
    "name": "kony.ui.FlexContainer",
    "parent": "flxTempFiltersType",
    "pf": "tempFiltersType",
    "retaincontentalignment": false,
    "retainflexpositionproperties": false,
    "retainflowhorizontalalignment": false,
    "snapgridsize": 10,
    "snaptogrid": true,
    "wType": "FlexContainer",
    "widgetalignment": 1
}