{
    "DNDConfig": null,
    "__parentReadjusting__": false,
    "_blur_": {
        "enabled": false,
        "value": 100
    },
    "_bottom_": {
        "type": "number",
        "value": "0"
    },
    "_height_": {
        "type": "string",
        "value": "1dp"
    },
    "_left_": {
        "type": "string",
        "value": "0"
    },
    "_margin_": [
        0,
        0,
        0,
        0
    ],
    "_orientation_": 6,
    "_padding_": [
        0,
        0,
        0,
        0
    ],
    "_percent_": true,
    "_skin_": "sf704746d04d46608fdb96ebec7d0b06",
    "_top_": {
        "type": "number",
        "value": "0"
    },
    "_width_": {
        "type": "string",
        "value": "100%"
    },
    "allboxes": [],
    "autogrowmode": 0,
    "canUpdateUI": true,
    "centerx": {
        "type": "string",
        "value": "50%"
    },
    "children": [],
    "clipbounds": false,
    "containerweight": 100,
    "enablescrolling": true,
    "id": "flxSeparator1",
    "info": null,
    "iscustomlayout": false,
    "ismodalcontainer": false,
    "isvisible": true,
    "kuid": "eb23c30e0da7456b81e041a6db956988",
    "layouttype": 2,
    "name": "kony.ui.FlexContainer",
    "parent": "flxFilterContainer",
    "pf": "userwidgetmodel",
    "retaincontentalignment": false,
    "retainflexpositionproperties": false,
    "retainflowhorizontalalignment": false,
    "snapgridsize": "10",
    "snaptogrid": true,
    "wType": "FlexContainer",
    "widgetalignment": 1
}