{
    "@class": "com.kony.gen.viz.model.container.KVizSegment2",
    "DNDConfig": null,
    "__parentReadjusting__": false,
    "_data_": [
        {
            "lblCheck": {
                "@class": "com.viz.ide.model.segment.SimpleTextSegmentData",
                "text": ""
            },
            "lblValue": {
                "@class": "com.viz.ide.model.segment.SimpleTextSegmentData",
                "text": ""
            }
        }
    ],
    "_height_": {
        "type": "ref",
        "value": "preferred"
    },
    "_indicator_": "none",
    "_left_": {
        "type": "string",
        "value": "0"
    },
    "_margin_": [
        0,
        0,
        0,
        0
    ],
    "_orientation_": 2,
    "_padding_": [
        0,
        0,
        0,
        0
    ],
    "_top_": {
        "type": "string",
        "value": "0"
    },
    "_width_": {
        "type": "string",
        "value": "100%"
    },
    "autogrowmode": 1,
    "canUpdateUI": true,
    "containerweight": 100,
    "counter": "00",
    "focusedindex": null,
    "focuseditem": null,
    "groupcells": false,
    "hasSections": false,
    "id": "segServiceLine",
    "info": null,
    "ipad": {
        "psp": {
            "indicator": "rowselect"
        }
    },
    "iphone": {
        "psp": {
            "indicator": "none"
        }
    },
    "iscustomlayout": false,
    "isvisible": true,
    "kuid": "f2642abbfffe4d6ca37d7906e04436f9",
    "masterdata": {},
    "mobile": {
        "_data_": [
            {
                "lblCheck": {
                    "@class": "com.viz.ide.model.segment.SimpleTextSegmentData",
                    "text": ""
                },
                "lblValue": {
                    "@class": "com.viz.ide.model.segment.SimpleTextSegmentData",
                    "text": "Value"
                }
            }
        ],
        "rowTemplateId": "c6bf13e8481d4c59a1ff5d170362dade",
        "rowtemplate": "flxTempFilters",
        "widgetdatamap": {
            "flxCheckContainer": "flxCheckContainer",
            "flxLine": "flxLine",
            "flxOrgSearchBox": "flxOrgSearchBox",
            "flxTempFilters": "flxTempFilters",
            "flxcheck": "flxcheck",
            "lblCheck": "lblCheck",
            "lblValue": "lblValue"
        }
    },
    "name": "kony.ui.SegmentedUI2",
    "needpageindicator": true,
    "pageoffdotimage": "pageoffdot.png",
    "pageondotimage": "pageondot.png",
    "paginationconfig": {
        "position": "bottom"
    },
    "parent": "flxSegServiceLine",
    "pf": "userwidgetmodel",
    "retaincontentalignment": false,
    "retainflexpositionproperties": false,
    "retainselection": false,
    "rowcounter": 0,
    "rowfocusskin": "s60bf3bc0dee4a6792513210706a387b",
    "rowskin": "s4ef3ff2014d4af690c8990eda659a10",
    "rowtemplate": "flxTempFilters",
    "screenlevelwidget": false,
    "seccounter": 0,
    "sectionHeaderTemplateId": null,
    "sectionheaderskin": "sb8127d4ed124d5286cfb7034f037297",
    "selectedRows": null,
    "selectedState": false,
    "selectedindex": null,
    "selectedindices": null,
    "selecteditems": null,
    "selectedsectionindex": 0,
    "selectionbehavior": "default",
    "separatorcolor": "ffffff00",
    "separatorrequired": true,
    "separatorthickness": 0,
    "showscrollbars": false,
    "viewtype": "tableview",
    "vizProps": {},
    "wType": "Segment",
    "widgetalignment": 5,
    "widgetdatamap": {
        "flxCheckContainer": "flxCheckContainer",
        "flxLine": "flxLine",
        "flxOrgSearchBox": "flxOrgSearchBox",
        "flxTempFilters": "flxTempFilters",
        "flxcheck": "flxcheck",
        "lblCheck": "lblCheck",
        "lblValue": "lblValue"
    }
}