{
  "android": {
    "font_name": "Helvetica",
    "font_size": 90,
    "isForked": false
  },
  "androidwearos": {
    "font_name": "default",
    "font_size": 90,
    "isForked": false
  },
  "background_color": "00000000",
  "bg_type": "one",
  "border_color": "ffffff00",
  "border_style": "plain",
  "border_type": 0,
  "border_width": 0,
  "desktopweb": {
    "font_name": "Helvetica",
    "font_size": 90,
    "isForked": false
  },
  "fontSizeInPx": false,
  "font_color": "777777ff",
  "font_name": "iphoneSystem",
  "font_size": 90,
  "font_style": "normal",
  "font_weight": "normal",
  "ipad": {
    "font_name": "System",
    "font_size": 90,
    "isForked": false
  },
  "iphone": {
    "font_name": "Helvetica",
    "font_size": 90,
    "isForked": false
  },
  "isDefaultSkin": false,
  "kiosk": {
    "font_name": "None",
    "font_size": 90,
    "isForked": false
  },
  "kuid": "saad518099884b8db76ad51731dac0e9",
  "spaan": {
    "font_name": "Helvetica",
    "font_size": 90,
    "isForked": false
  },
  "spaandroidtablet": {
    "font_name": "Helvetica",
    "font_size": 90,
    "isForked": false
  },
  "spabb": {
    "font_name": "Helvetica",
    "font_size": 90,
    "isForked": false
  },
  "spaip": {
    "font_name": "Helvetica",
    "font_size": 90,
    "isForked": false
  },
  "spaipad": {
    "font_name": "Helvetica",
    "font_size": 90,
    "isForked": false
  },
  "spawindowstablet": {
    "font_name": "Helvetica",
    "font_size": 90,
    "isForked": false
  },
  "spawinphone8": {
    "font_name": "Helvetica",
    "font_size": 90,
    "isForked": false
  },
  "tabrcandroid": {
    "font_name": "default",
    "font_size": 90,
    "isForked": false
  },
  "wType": "Calendar",
  "watchos": {
    "font_name": "System",
    "font_size": 90,
    "isForked": false
  },
  "windows8": {
    "font_name": "None",
    "font_size": 90,
    "isForked": false
  },
  "winphone8": {
    "font_name": "None",
    "font_size": 90,
    "isForked": false
  }
}