{
  "android": {
    "background_color": "555555ff",
    "bg_type": "one",
    "font_name": "default",
    "isForked": true
  },
  "androidwearos": {
    "background_color": "555555ff",
    "bg_type": "one",
    "font_name": "default",
    "isForked": true
  },
  "background_color": "1c436500",
  "bg_type": "one",
  "border_color": "c4c4c4dd",
  "border_radius": 10,
  "border_style": "custom",
  "border_type": 0,
  "border_width": 1,
  "desktopweb": {
    "background_color": "555555ff",
    "bg_type": "one",
    "bottom_left_border_color": "c4c4c4dd",
    "bottom_left_border_style": "plain",
    "bottom_left_border_width": 1,
    "bottom_right_border_color": "c4c4c4dd",
    "bottom_right_border_style": "plain",
    "bottom_right_border_width": 1,
    "font_name": "Helvetica",
    "isForked": true,
    "top_left_border_color": "c4c4c4dd",
    "top_left_border_style": "plain",
    "top_left_border_width": 1,
    "top_right_border_color": "c4c4c4dd",
    "top_right_border_style": "plain",
    "top_right_border_width": 1
  },
  "ipad": {
    "background_color": "555555ff",
    "bg_type": "one",
    "font_name": "System",
    "isForked": true
  },
  "iphone": {
    "background_color": "ffffffff",
    "bg_type": "one",
    "font_name": "System",
    "isForked": true
  },
  "isDefaultSkin": false,
  "kiosk": {
    "background_color": "555555ff",
    "bg_type": "one",
    "font_name": "None",
    "isForked": true
  },
  "kuid": "s55ed78146cd4bbda440021548ff100e",
  "spaan": {
    "background_color": "555555ff",
    "bg_type": "one",
    "bottom_left_border_color": "c4c4c4dd",
    "bottom_left_border_style": "plain",
    "bottom_left_border_width": 1,
    "bottom_right_border_color": "c4c4c4dd",
    "bottom_right_border_style": "plain",
    "bottom_right_border_width": 1,
    "font_name": "Helvetica",
    "isForked": true,
    "top_left_border_color": "c4c4c4dd",
    "top_left_border_style": "plain",
    "top_left_border_width": 1,
    "top_right_border_color": "c4c4c4dd",
    "top_right_border_style": "plain",
    "top_right_border_width": 1
  },
  "spaandroidtablet": {
    "background_color": "555555ff",
    "bg_type": "one",
    "bottom_left_border_color": "c4c4c4dd",
    "bottom_left_border_style": "plain",
    "bottom_left_border_width": 1,
    "bottom_right_border_color": "c4c4c4dd",
    "bottom_right_border_style": "plain",
    "bottom_right_border_width": 1,
    "font_name": "Helvetica",
    "isForked": true,
    "top_left_border_color": "c4c4c4dd",
    "top_left_border_style": "plain",
    "top_left_border_width": 1,
    "top_right_border_color": "c4c4c4dd",
    "top_right_border_style": "plain",
    "top_right_border_width": 1
  },
  "spabb": {
    "background_color": "555555ff",
    "bg_type": "one",
    "bottom_left_border_color": "c4c4c4dd",
    "bottom_left_border_style": "plain",
    "bottom_left_border_width": 1,
    "bottom_right_border_color": "c4c4c4dd",
    "bottom_right_border_style": "plain",
    "bottom_right_border_width": 1,
    "font_name": "Helvetica",
    "isForked": true,
    "top_left_border_color": "c4c4c4dd",
    "top_left_border_style": "plain",
    "top_left_border_width": 1,
    "top_right_border_color": "c4c4c4dd",
    "top_right_border_style": "plain",
    "top_right_border_width": 1
  },
  "spaip": {
    "background_color": "555555ff",
    "bg_type": "one",
    "bottom_left_border_color": "c4c4c4dd",
    "bottom_left_border_style": "plain",
    "bottom_left_border_width": 1,
    "bottom_right_border_color": "c4c4c4dd",
    "bottom_right_border_style": "plain",
    "bottom_right_border_width": 1,
    "font_name": "Helvetica",
    "isForked": true,
    "top_left_border_color": "c4c4c4dd",
    "top_left_border_style": "plain",
    "top_left_border_width": 1,
    "top_right_border_color": "c4c4c4dd",
    "top_right_border_style": "plain",
    "top_right_border_width": 1
  },
  "spaipad": {
    "background_color": "555555ff",
    "bg_type": "one",
    "bottom_left_border_color": "c4c4c4dd",
    "bottom_left_border_style": "plain",
    "bottom_left_border_width": 1,
    "bottom_right_border_color": "c4c4c4dd",
    "bottom_right_border_style": "plain",
    "bottom_right_border_width": 1,
    "font_name": "Helvetica",
    "isForked": true,
    "top_left_border_color": "c4c4c4dd",
    "top_left_border_style": "plain",
    "top_left_border_width": 1,
    "top_right_border_color": "c4c4c4dd",
    "top_right_border_style": "plain",
    "top_right_border_width": 1
  },
  "spawindowstablet": {
    "background_color": "555555ff",
    "bg_type": "one",
    "bottom_left_border_color": "c4c4c4dd",
    "bottom_left_border_style": "plain",
    "bottom_left_border_width": 1,
    "bottom_right_border_color": "c4c4c4dd",
    "bottom_right_border_style": "plain",
    "bottom_right_border_width": 1,
    "font_name": "Helvetica",
    "isForked": true,
    "top_left_border_color": "c4c4c4dd",
    "top_left_border_style": "plain",
    "top_left_border_width": 1,
    "top_right_border_color": "c4c4c4dd",
    "top_right_border_style": "plain",
    "top_right_border_width": 1
  },
  "spawinphone8": {
    "background_color": "555555ff",
    "bg_type": "one",
    "bottom_left_border_color": "c4c4c4dd",
    "bottom_left_border_style": "plain",
    "bottom_left_border_width": 1,
    "bottom_right_border_color": "c4c4c4dd",
    "bottom_right_border_style": "plain",
    "bottom_right_border_width": 1,
    "font_name": "Helvetica",
    "isForked": true,
    "top_left_border_color": "c4c4c4dd",
    "top_left_border_style": "plain",
    "top_left_border_width": 1,
    "top_right_border_color": "c4c4c4dd",
    "top_right_border_style": "plain",
    "top_right_border_width": 1
  },
  "tabrcandroid": {
    "background_color": "555555ff",
    "bg_type": "one",
    "font_name": "default",
    "isForked": true
  },
  "wType": "FlexContainer",
  "watchos": {
    "font_name": "System"
  },
  "windows8": {
    "background_color": "555555ff",
    "bg_type": "one",
    "font_name": "None",
    "isForked": true
  },
  "winphone8": {
    "background_color": "555555ff",
    "bg_type": "one",
    "font_name": "None",
    "isForked": true
  }
}