{
  "android": {
    "font_name": "FontAwesome",
    "font_size": 120,
    "isForked": false
  },
  "androidwearos": {
    "font_name": "default",
    "font_size": 120,
    "isForked": false
  },
  "background_color": "228b22ff",
  "bg_type": "one",
  "border_color": "228b227f",
  "border_radius": 2,
  "border_style": "custom",
  "border_type": 0,
  "border_width": 1,
  "desktopweb": {
    "font_name": "Helvetica",
    "font_size": 120,
    "isForked": false
  },
  "fontSizeInPx": false,
  "font_color": "ffffffe5",
  "font_name": "iphoneSystem",
  "font_size": 120,
  "font_style": "normal",
  "font_weight": "normal",
  "ipad": {
    "font_name": "System",
    "font_size": 120,
    "isForked": false
  },
  "iphone": {
    "font_name": "FontAwesome",
    "font_size": 120,
    "isForked": false
  },
  "isDefaultSkin": false,
  "kiosk": {
    "font_name": "None",
    "font_size": 120,
    "isForked": false
  },
  "kuid": "sbe479d66c944c82bca55f7e80d54d3a",
  "spaan": {
    "font_name": "Helvetica",
    "font_size": 120,
    "isForked": false
  },
  "spaandroidtablet": {
    "font_name": "Helvetica",
    "font_size": 120,
    "isForked": false
  },
  "spabb": {
    "font_name": "Helvetica",
    "font_size": 120,
    "isForked": false
  },
  "spaip": {
    "font_name": "Helvetica",
    "font_size": 120,
    "isForked": false
  },
  "spaipad": {
    "font_name": "Helvetica",
    "font_size": 120,
    "isForked": false
  },
  "spawindowstablet": {
    "font_name": "Helvetica",
    "font_size": 120,
    "isForked": false
  },
  "spawinphone8": {
    "font_name": "Helvetica",
    "font_size": 120,
    "isForked": false
  },
  "tabrcandroid": {
    "font_name": "default",
    "font_size": 120,
    "isForked": false
  },
  "wType": "Label",
  "watchos": {
    "font_name": "System",
    "font_size": 120,
    "isForked": false
  },
  "windows8": {
    "font_name": "None",
    "font_size": 120,
    "isForked": false
  },
  "winphone8": {
    "font_name": "None",
    "font_size": 120,
    "isForked": false
  }
}