{
  "android": {
    "font_name": "FontAwesome",
    "font_size": 350,
    "isForked": false
  },
  "androidwearos": {
    "font_name": "default",
    "font_size": 350,
    "isForked": false
  },
  "background_color": "00000000",
  "bg_type": "one",
  "border_color": "424242ff",
  "border_style": "plain",
  "border_type": 0,
  "border_width": 0,
  "desktopweb": {
    "font_name": "Helvetica",
    "font_size": 350,
    "isForked": false
  },
  "fontSizeInPx": false,
  "font_color": "275b9de5",
  "font_name": "iphoneSystem",
  "font_size": 350,
  "font_style": "normal",
  "font_weight": "normal",
  "ipad": {
    "font_name": "System",
    "font_size": 350,
    "isForked": false
  },
  "iphone": {
    "font_name": "FontAwesome",
    "font_size": 350,
    "isForked": false
  },
  "isDefaultSkin": false,
  "kiosk": {
    "font_name": "None",
    "font_size": 350,
    "isForked": false
  },
  "kuid": "sc6ea05dbb6f498eb219b219984c516f",
  "spaan": {
    "font_name": "Helvetica",
    "font_size": 350,
    "isForked": false
  },
  "spaandroidtablet": {
    "font_name": "Helvetica",
    "font_size": 350,
    "isForked": false
  },
  "spabb": {
    "font_name": "Helvetica",
    "font_size": 350,
    "isForked": false
  },
  "spaip": {
    "font_name": "Helvetica",
    "font_size": 350,
    "isForked": false
  },
  "spaipad": {
    "font_name": "Helvetica",
    "font_size": 350,
    "isForked": false
  },
  "spawindowstablet": {
    "font_name": "Helvetica",
    "font_size": 350,
    "isForked": false
  },
  "spawinphone8": {
    "font_name": "Helvetica",
    "font_size": 350,
    "isForked": false
  },
  "tabrcandroid": {
    "font_name": "default",
    "font_size": 350,
    "isForked": false
  },
  "wType": "Label",
  "watchos": {
    "font_name": "System",
    "font_size": 350,
    "isForked": false
  },
  "windows8": {
    "font_name": "None",
    "font_size": 350,
    "isForked": false
  },
  "winphone8": {
    "font_name": "None",
    "font_size": 350,
    "isForked": false
  }
}