{
  "android": {
    "font_name": "Helvetica",
    "font_size": 110,
    "isForked": false
  },
  "androidwearos": {
    "font_name": "Helvetica",
    "font_size": 110,
    "isForked": false
  },
  "background_color": "1c4365ff",
  "bg_type": "one",
  "border_color": "ffffffff",
  "border_radius": 50,
  "border_style": "custom",
  "border_type": 0,
  "border_width": 1,
  "desktopweb": {
    "font_name": "Helvetica",
    "font_size": 110,
    "isForked": false
  },
  "fontSizeInPx": false,
  "font_color": "ffffffff",
  "font_name": "Helvetica",
  "font_size": 110,
  "font_style": "normal",
  "font_weight": "normal",
  "ipad": {
    "font_name": "Helvetica",
    "font_size": 110,
    "isForked": false
  },
  "iphone": {
    "font_name": "Helvetica",
    "font_size": 110,
    "isForked": false
  },
  "isDefaultSkin": false,
  "kiosk": {
    "font_name": "None",
    "font_size": 110,
    "isForked": false
  },
  "kuid": "s08651db7c4047e0b251f4f8b75aac0b",
  "spaan": {
    "font_name": "Helvetica",
    "font_size": 110,
    "isForked": false
  },
  "spaandroidtablet": {
    "font_name": "Helvetica",
    "font_size": 110,
    "isForked": false
  },
  "spabb": {
    "font_name": "Helvetica",
    "font_size": 110,
    "isForked": false
  },
  "spaip": {
    "font_name": "Helvetica",
    "font_size": 110,
    "isForked": false
  },
  "spaipad": {
    "font_name": "Helvetica",
    "font_size": 110,
    "isForked": false
  },
  "spawindowstablet": {
    "font_name": "Helvetica",
    "font_size": 110,
    "isForked": false
  },
  "spawinphone8": {
    "font_name": "Helvetica",
    "font_size": 110,
    "isForked": false
  },
  "tabrcandroid": {
    "font_name": "default",
    "font_size": 110,
    "isForked": false
  },
  "wType": "Button",
  "watchos": {
    "font_name": "System",
    "font_size": 110,
    "isForked": false
  },
  "windows8": {
    "font_name": "None",
    "font_size": 110,
    "isForked": false
  },
  "winphone8": {
    "font_name": "None",
    "font_size": 110,
    "isForked": false
  }
}