{
  "android": {
    "font_color": "ffffffbf",
    "font_name": "FontAwesome",
    "font_size": 170,
    "isForked": true
  },
  "androidwearos": {
    "font_color": "ffffffbf",
    "font_name": "Helvetica",
    "font_size": 170,
    "isForked": true
  },
  "background_color": "0396aa00",
  "bg_type": "one",
  "border_color": "555555ff",
  "border_style": "plain",
  "border_type": 0,
  "border_width": 0,
  "desktopweb": {
    "bottom_left_border_color": "555555ff",
    "bottom_left_border_style": "plain",
    "bottom_left_border_width": 0,
    "bottom_right_border_color": "555555ff",
    "bottom_right_border_style": "plain",
    "bottom_right_border_width": 0,
    "font_color": "ffffffbf",
    "font_name": "Helvetica",
    "font_size": 170,
    "isForked": true,
    "top_left_border_color": "555555ff",
    "top_left_border_style": "plain",
    "top_left_border_width": 0,
    "top_right_border_color": "555555ff",
    "top_right_border_style": "plain",
    "top_right_border_width": 0
  },
  "fontSizeInPx": false,
  "font_color": "ffffff99",
  "font_name": "Helvetica",
  "font_size": 170,
  "font_style": "normal",
  "font_weight": "normal",
  "ipad": {
    "font_color": "ffffffbf",
    "font_name": "Helvetica",
    "font_size": 170,
    "isForked": true
  },
  "iphone": {
    "font_color": "00000066",
    "font_name": "FontAwesome",
    "font_size": 170,
    "isForked": true
  },
  "isDefaultSkin": false,
  "kiosk": {
    "font_color": "ffffffbf",
    "font_name": "None",
    "font_size": 170,
    "isForked": true
  },
  "kuid": "s6e147d2fd6e4a3fadf9a8071ffb21ee",
  "spaan": {
    "bottom_left_border_color": "555555ff",
    "bottom_left_border_style": "plain",
    "bottom_left_border_width": 0,
    "bottom_right_border_color": "555555ff",
    "bottom_right_border_style": "plain",
    "bottom_right_border_width": 0,
    "font_color": "ffffffbf",
    "font_name": "Helvetica",
    "font_size": 170,
    "isForked": true,
    "top_left_border_color": "555555ff",
    "top_left_border_style": "plain",
    "top_left_border_width": 0,
    "top_right_border_color": "555555ff",
    "top_right_border_style": "plain",
    "top_right_border_width": 0
  },
  "spaandroidtablet": {
    "bottom_left_border_color": "555555ff",
    "bottom_left_border_style": "plain",
    "bottom_left_border_width": 0,
    "bottom_right_border_color": "555555ff",
    "bottom_right_border_style": "plain",
    "bottom_right_border_width": 0,
    "font_color": "ffffffbf",
    "font_name": "Helvetica",
    "font_size": 170,
    "isForked": true,
    "top_left_border_color": "555555ff",
    "top_left_border_style": "plain",
    "top_left_border_width": 0,
    "top_right_border_color": "555555ff",
    "top_right_border_style": "plain",
    "top_right_border_width": 0
  },
  "spabb": {
    "bottom_left_border_color": "555555ff",
    "bottom_left_border_style": "plain",
    "bottom_left_border_width": 0,
    "bottom_right_border_color": "555555ff",
    "bottom_right_border_style": "plain",
    "bottom_right_border_width": 0,
    "font_color": "ffffffbf",
    "font_name": "Helvetica",
    "font_size": 170,
    "isForked": true,
    "top_left_border_color": "555555ff",
    "top_left_border_style": "plain",
    "top_left_border_width": 0,
    "top_right_border_color": "555555ff",
    "top_right_border_style": "plain",
    "top_right_border_width": 0
  },
  "spaip": {
    "bottom_left_border_color": "555555ff",
    "bottom_left_border_style": "plain",
    "bottom_left_border_width": 0,
    "bottom_right_border_color": "555555ff",
    "bottom_right_border_style": "plain",
    "bottom_right_border_width": 0,
    "font_color": "ffffffbf",
    "font_name": "Helvetica",
    "font_size": 170,
    "isForked": true,
    "top_left_border_color": "555555ff",
    "top_left_border_style": "plain",
    "top_left_border_width": 0,
    "top_right_border_color": "555555ff",
    "top_right_border_style": "plain",
    "top_right_border_width": 0
  },
  "spaipad": {
    "bottom_left_border_color": "555555ff",
    "bottom_left_border_style": "plain",
    "bottom_left_border_width": 0,
    "bottom_right_border_color": "555555ff",
    "bottom_right_border_style": "plain",
    "bottom_right_border_width": 0,
    "font_color": "ffffffbf",
    "font_name": "Helvetica",
    "font_size": 170,
    "isForked": true,
    "top_left_border_color": "555555ff",
    "top_left_border_style": "plain",
    "top_left_border_width": 0,
    "top_right_border_color": "555555ff",
    "top_right_border_style": "plain",
    "top_right_border_width": 0
  },
  "spawindowstablet": {
    "bottom_left_border_color": "555555ff",
    "bottom_left_border_style": "plain",
    "bottom_left_border_width": 0,
    "bottom_right_border_color": "555555ff",
    "bottom_right_border_style": "plain",
    "bottom_right_border_width": 0,
    "font_color": "ffffffbf",
    "font_name": "Helvetica",
    "font_size": 170,
    "isForked": true,
    "top_left_border_color": "555555ff",
    "top_left_border_style": "plain",
    "top_left_border_width": 0,
    "top_right_border_color": "555555ff",
    "top_right_border_style": "plain",
    "top_right_border_width": 0
  },
  "spawinphone8": {
    "bottom_left_border_color": "555555ff",
    "bottom_left_border_style": "plain",
    "bottom_left_border_width": 0,
    "bottom_right_border_color": "555555ff",
    "bottom_right_border_style": "plain",
    "bottom_right_border_width": 0,
    "font_color": "ffffffbf",
    "font_name": "Helvetica",
    "font_size": 170,
    "isForked": true,
    "top_left_border_color": "555555ff",
    "top_left_border_style": "plain",
    "top_left_border_width": 0,
    "top_right_border_color": "555555ff",
    "top_right_border_style": "plain",
    "top_right_border_width": 0
  },
  "tabrcandroid": {
    "font_color": "ffffffbf",
    "font_name": "default",
    "font_size": 170,
    "isForked": true
  },
  "wType": "Button",
  "watchos": {
    "font_color": "ffffffbf",
    "font_name": "System",
    "font_size": 170,
    "isForked": true
  },
  "windows8": {
    "font_color": "ffffffbf",
    "font_name": "None",
    "font_size": 170,
    "isForked": true
  },
  "winphone8": {
    "font_color": "ffffffbf",
    "font_name": "None",
    "font_size": 170,
    "isForked": true
  }
}