{
  "android": {
    "border_color": "25536e7f",
    "border_style": "plain",
    "border_type": 0,
    "border_width": 0,
    "font_color": "383e45ff",
    "font_name": "SourceSansPro-Regular",
    "font_size": 110,
    "isForked": true,
    "text_shadow": {
      "br": 0,
      "color": "000000",
      "nm": 0,
      "x": 0,
      "y": 0
    }
  },
  "androidwearos": {
    "border_color": "25536e7f",
    "border_style": "plain",
    "border_type": 0,
    "border_width": 0,
    "font_color": "383e45ff",
    "font_name": "SourceSansPro-Regular",
    "font_size": 110,
    "isForked": true,
    "text_shadow": {
      "br": 0,
      "color": "000000",
      "nm": 0,
      "x": 0,
      "y": 0
    }
  },
  "background_color": "00000000",
  "bg_type": "one",
  "border_color": "25536e7f",
  "border_radius": 40,
  "border_style": "custom",
  "border_type": 0,
  "border_width": 1,
  "desktopweb": {
    "bottom_left_border_color": "25536e7f",
    "bottom_left_border_style": "plain",
    "bottom_left_border_width": 1,
    "bottom_right_border_color": "25536e7f",
    "bottom_right_border_style": "plain",
    "bottom_right_border_width": 1,
    "font_color": "383e45ff",
    "font_name": "Helvetica",
    "font_size": 110,
    "isForked": true,
    "text_shadow": {
      "br": 0,
      "color": "000000",
      "nm": 0,
      "x": 0,
      "y": 0
    },
    "top_left_border_color": "25536e7f",
    "top_left_border_style": "plain",
    "top_left_border_width": 1,
    "top_right_border_color": "25536e7f",
    "top_right_border_style": "plain",
    "top_right_border_width": 1
  },
  "fontSizeInPx": false,
  "font_color": "25536eff",
  "font_name": "iphoneSystem",
  "font_size": 110,
  "font_style": "normal",
  "font_weight": "normal",
  "ipad": {
    "border_color": "25536e7f",
    "border_style": "plain",
    "border_type": 0,
    "border_width": 0,
    "font_color": "383e45ff",
    "font_name": "System",
    "font_size": 110,
    "isForked": true,
    "text_shadow": {
      "br": 0,
      "color": "000000",
      "nm": 0,
      "x": 0,
      "y": 0
    }
  },
  "iphone": {
    "border_color": "25536e7f",
    "border_style": "plain",
    "border_type": 0,
    "border_width": 0,
    "font_color": "383e45ff",
    "font_name": "SourceSansPro-Regular",
    "font_size": 110,
    "isForked": true,
    "text_shadow": {
      "br": 0,
      "color": "000000",
      "nm": 0,
      "x": 0,
      "y": 0
    }
  },
  "isDefaultSkin": false,
  "kiosk": {
    "border_color": "25536e7f",
    "border_style": "plain",
    "border_type": 0,
    "border_width": 0,
    "font_color": "383e45ff",
    "font_name": "None",
    "font_size": 110,
    "isForked": true
  },
  "kuid": "sd7e0b75d7ac4607a2a12781153520af",
  "spaan": {
    "bottom_left_border_color": "25536e7f",
    "bottom_left_border_style": "plain",
    "bottom_left_border_width": 1,
    "bottom_right_border_color": "25536e7f",
    "bottom_right_border_style": "plain",
    "bottom_right_border_width": 1,
    "font_color": "383e45ff",
    "font_name": "Helvetica",
    "font_size": 110,
    "isForked": true,
    "text_shadow": {
      "br": 0,
      "color": "000000",
      "nm": 0,
      "x": 0,
      "y": 0
    },
    "top_left_border_color": "25536e7f",
    "top_left_border_style": "plain",
    "top_left_border_width": 1,
    "top_right_border_color": "25536e7f",
    "top_right_border_style": "plain",
    "top_right_border_width": 1
  },
  "spaandroidtablet": {
    "bottom_left_border_color": "25536e7f",
    "bottom_left_border_style": "plain",
    "bottom_left_border_width": 1,
    "bottom_right_border_color": "25536e7f",
    "bottom_right_border_style": "plain",
    "bottom_right_border_width": 1,
    "font_color": "383e45ff",
    "font_name": "Helvetica",
    "font_size": 110,
    "isForked": true,
    "text_shadow": {
      "br": 0,
      "color": "000000",
      "nm": 0,
      "x": 0,
      "y": 0
    },
    "top_left_border_color": "25536e7f",
    "top_left_border_style": "plain",
    "top_left_border_width": 1,
    "top_right_border_color": "25536e7f",
    "top_right_border_style": "plain",
    "top_right_border_width": 1
  },
  "spabb": {
    "bottom_left_border_color": "25536e7f",
    "bottom_left_border_style": "plain",
    "bottom_left_border_width": 1,
    "bottom_right_border_color": "25536e7f",
    "bottom_right_border_style": "plain",
    "bottom_right_border_width": 1,
    "font_color": "383e45ff",
    "font_name": "Helvetica",
    "font_size": 110,
    "isForked": true,
    "text_shadow": {
      "br": 0,
      "color": "000000",
      "nm": 0,
      "x": 0,
      "y": 0
    },
    "top_left_border_color": "25536e7f",
    "top_left_border_style": "plain",
    "top_left_border_width": 1,
    "top_right_border_color": "25536e7f",
    "top_right_border_style": "plain",
    "top_right_border_width": 1
  },
  "spaip": {
    "bottom_left_border_color": "25536e7f",
    "bottom_left_border_style": "plain",
    "bottom_left_border_width": 1,
    "bottom_right_border_color": "25536e7f",
    "bottom_right_border_style": "plain",
    "bottom_right_border_width": 1,
    "font_color": "383e45ff",
    "font_name": "Helvetica",
    "font_size": 110,
    "isForked": true,
    "text_shadow": {
      "br": 0,
      "color": "000000",
      "nm": 0,
      "x": 0,
      "y": 0
    },
    "top_left_border_color": "25536e7f",
    "top_left_border_style": "plain",
    "top_left_border_width": 1,
    "top_right_border_color": "25536e7f",
    "top_right_border_style": "plain",
    "top_right_border_width": 1
  },
  "spaipad": {
    "bottom_left_border_color": "25536e7f",
    "bottom_left_border_style": "plain",
    "bottom_left_border_width": 1,
    "bottom_right_border_color": "25536e7f",
    "bottom_right_border_style": "plain",
    "bottom_right_border_width": 1,
    "font_color": "383e45ff",
    "font_name": "Helvetica",
    "font_size": 110,
    "isForked": true,
    "text_shadow": {
      "br": 0,
      "color": "000000",
      "nm": 0,
      "x": 0,
      "y": 0
    },
    "top_left_border_color": "25536e7f",
    "top_left_border_style": "plain",
    "top_left_border_width": 1,
    "top_right_border_color": "25536e7f",
    "top_right_border_style": "plain",
    "top_right_border_width": 1
  },
  "spawindowstablet": {
    "bottom_left_border_color": "25536e7f",
    "bottom_left_border_style": "plain",
    "bottom_left_border_width": 1,
    "bottom_right_border_color": "25536e7f",
    "bottom_right_border_style": "plain",
    "bottom_right_border_width": 1,
    "font_color": "383e45ff",
    "font_name": "Helvetica",
    "font_size": 110,
    "isForked": true,
    "text_shadow": {
      "br": 0,
      "color": "000000",
      "nm": 0,
      "x": 0,
      "y": 0
    },
    "top_left_border_color": "25536e7f",
    "top_left_border_style": "plain",
    "top_left_border_width": 1,
    "top_right_border_color": "25536e7f",
    "top_right_border_style": "plain",
    "top_right_border_width": 1
  },
  "spawinphone8": {
    "bottom_left_border_color": "25536e7f",
    "bottom_left_border_style": "plain",
    "bottom_left_border_width": 1,
    "bottom_right_border_color": "25536e7f",
    "bottom_right_border_style": "plain",
    "bottom_right_border_width": 1,
    "font_color": "383e45ff",
    "font_name": "Helvetica",
    "font_size": 110,
    "isForked": true,
    "text_shadow": {
      "br": 0,
      "color": "000000",
      "nm": 0,
      "x": 0,
      "y": 0
    },
    "top_left_border_color": "25536e7f",
    "top_left_border_style": "plain",
    "top_left_border_width": 1,
    "top_right_border_color": "25536e7f",
    "top_right_border_style": "plain",
    "top_right_border_width": 1
  },
  "tabrcandroid": {
    "border_color": "25536e7f",
    "border_style": "plain",
    "border_type": 0,
    "border_width": 0,
    "font_color": "383e45ff",
    "font_name": "default",
    "font_size": 110,
    "isForked": true,
    "text_shadow": {
      "br": 0,
      "color": "000000",
      "nm": 0,
      "x": 0,
      "y": 0
    }
  },
  "wType": "Label",
  "watchos": {
    "font_color": "383e45ff",
    "font_name": "System",
    "font_size": 110,
    "isForked": true
  },
  "windows8": {
    "border_color": "25536e7f",
    "border_style": "plain",
    "border_type": 0,
    "border_width": 0,
    "font_color": "383e45ff",
    "font_name": "None",
    "font_size": 110,
    "isForked": true
  },
  "winphone8": {
    "border_color": "25536e7f",
    "border_style": "plain",
    "border_type": 0,
    "border_width": 0,
    "font_color": "383e45ff",
    "font_name": "None",
    "font_size": 110,
    "isForked": true
  }
}