{
  "android": {},
  "androidwearos": {
    "font_name": "default"
  },
  "background_color": "0000000c",
  "bg_type": "one",
  "border_color": "000000ff",
  "border_style": "plain",
  "border_type": 0,
  "border_width": 0,
  "desktopweb": {},
  "ipad": {},
  "iphone": {},
  "isDefaultSkin": false,
  "kiosk": {},
  "kuid": "s1d40a844504425bade72b8be723434d",
  "spaan": {},
  "spaandroidtablet": {},
  "spabb": {},
  "spaip": {},
  "spaipad": {},
  "spawindowstablet": {},
  "spawinphone8": {},
  "tabrcandroid": {},
  "wType": "FlexContainer",
  "watchos": {
    "font_name": "System"
  },
  "windows8": {},
  "winphone8": {}
}