{
  "android": {},
  "androidwearos": {
    "font_name": "default"
  },
  "background_color": "ffffff00",
  "bg_type": "one",
  "border_color": "ffffffff",
  "border_radius": 50,
  "border_style": "custom",
  "border_type": 0,
  "border_width": 1,
  "desktopweb": {},
  "ipad": {},
  "iphone": {},
  "isDefaultSkin": false,
  "kiosk": {},
  "kuid": "s65c6a88ff3f4173af2fc2f18b6136a6",
  "spaan": {},
  "spaandroidtablet": {},
  "spabb": {},
  "spaip": {},
  "spaipad": {},
  "spawindowstablet": {},
  "spawinphone8": {},
  "tabrcandroid": {},
  "wType": "FlexContainer",
  "watchos": {
    "font_name": "System"
  },
  "windows8": {},
  "winphone8": {}
}