{
  "android": {},
  "androidwearos": {
    "font_name": "default"
  },
  "background_color": "e8dfe8ff",
  "bg_type": "one",
  "border_color": "ffffffff",
  "border_style": "plain",
  "border_type": 0,
  "border_width": 0,
  "desktopweb": {},
  "ipad": {},
  "iphone": {},
  "isDefaultSkin": false,
  "kiosk": {},
  "kuid": "se6f5a321f62411ea9503642dcb0b102",
  "spaan": {},
  "spaandroidtablet": {},
  "spabb": {},
  "spaip": {},
  "spaipad": {},
  "spawindowstablet": {},
  "spawinphone8": {},
  "tabrcandroid": {},
  "wType": "FlexContainer",
  "watchos": {
    "font_name": "System"
  },
  "windows8": {},
  "winphone8": {}
}