{
  "android": {
    "font_name": "SourceSansPro-Regular",
    "font_size": 125,
    "isForked": false
  },
  "androidwearos": {
    "font_size": 125,
    "isForked": false
  },
  "background_color": "e1f0f5ff",
  "bg_type": "one",
  "border_color": "c1dce3ff",
  "border_radius": 3,
  "border_style": "custom",
  "border_type": 0,
  "border_width": 1,
  "desktopweb": {
    "font_name": "Helvetica",
    "font_size": 125,
    "isForked": false
  },
  "fontSizeInPx": false,
  "font_color": "1c4365ff",
  "font_name": "Helvetica",
  "font_size": 125,
  "font_style": "normal",
  "font_weight": "bold",
  "ipad": {
    "font_name": "Helvetica",
    "font_size": 125,
    "isForked": false
  },
  "iphone": {
    "font_name": "Helvetica-Bold",
    "font_size": 125,
    "isForked": false
  },
  "isDefaultSkin": false,
  "kiosk": {
    "font_name": "None",
    "font_size": 125,
    "isForked": false
  },
  "kuid": "sf51b40dbfc64cd898a96519153fdd9f",
  "spaan": {
    "font_name": "Helvetica",
    "font_size": 125,
    "isForked": false
  },
  "spaandroidtablet": {
    "font_name": "Helvetica",
    "font_size": 125,
    "isForked": false
  },
  "spabb": {
    "font_name": "Helvetica",
    "font_size": 125,
    "isForked": false
  },
  "spaip": {
    "font_name": "Helvetica",
    "font_size": 125,
    "isForked": false
  },
  "spaipad": {
    "font_name": "Helvetica",
    "font_size": 125,
    "isForked": false
  },
  "spawindowstablet": {
    "font_name": "Helvetica",
    "font_size": 125,
    "isForked": false
  },
  "spawinphone8": {
    "font_name": "Helvetica",
    "font_size": 125,
    "isForked": false
  },
  "tabrcandroid": {
    "font_name": "default",
    "font_size": 125,
    "isForked": false
  },
  "wType": "Button",
  "watchos": {
    "font_name": "System",
    "font_size": 125,
    "isForked": false
  },
  "windows8": {
    "font_name": "None",
    "font_size": 125,
    "isForked": false
  },
  "winphone8": {
    "font_name": "None",
    "font_size": 125,
    "isForked": false
  }
}