{
  "android": {
    "background_color": "ff00000f",
    "bg_type": "one",
    "border_color": "ff0000ff",
    "border_type": 0,
    "font_name": "default",
    "isForked": true
  },
  "androidwearos": {
    "background_color": "ff00000f",
    "bg_type": "one",
    "border_color": "ff0000ff",
    "border_type": 0,
    "font_name": "default",
    "isForked": true
  },
  "background_color": "4f4f4f00",
  "bg_type": "one",
  "border_color": "16f5348e",
  "border_radius": 100,
  "border_style": "custom",
  "border_type": 0,
  "border_width": 2,
  "desktopweb": {
    "background_color": "ff00000f",
    "bg_type": "one",
    "bottom_left_border_color": "16f5348e",
    "bottom_left_border_style": "plain",
    "bottom_left_border_width": 2,
    "bottom_right_border_color": "16f5348e",
    "bottom_right_border_style": "plain",
    "bottom_right_border_width": 2,
    "font_name": "Helvetica",
    "isForked": true,
    "shadow": {
      "br": 0,
      "color": "000000",
      "inner": false,
      "nm": 0,
      "x": 0,
      "y": 0
    },
    "top_left_border_color": "16f5348e",
    "top_left_border_style": "plain",
    "top_left_border_width": 2,
    "top_right_border_color": "16f5348e",
    "top_right_border_style": "plain",
    "top_right_border_width": 2
  },
  "ipad": {
    "background_color": "ff00000f",
    "bg_type": "one",
    "border_color": "ff0000ff",
    "border_type": 0,
    "font_name": "System",
    "isForked": true,
    "shadow": {
      "br": 0,
      "color": "000000",
      "inner": false,
      "nm": 0,
      "x": 0,
      "y": 0
    }
  },
  "iphone": {
    "background_color": "ff00000f",
    "bg_type": "one",
    "border_color": "ff0000ff",
    "border_type": 0,
    "font_name": "System",
    "isForked": true,
    "shadow": {
      "br": 0,
      "color": "000000",
      "inner": false,
      "nm": 0,
      "x": 0,
      "y": 0
    }
  },
  "isDefaultSkin": false,
  "kiosk": {
    "background_color": "ff00000f",
    "bg_type": "one",
    "border_color": "ff0000ff",
    "border_type": 0,
    "font_name": "None",
    "isForked": true
  },
  "kuid": "sf4d5981c6f34cf3be5ca2d5636d5bdb",
  "spaan": {
    "background_color": "ff00000f",
    "bg_type": "one",
    "bottom_left_border_color": "16f5348e",
    "bottom_left_border_style": "plain",
    "bottom_left_border_width": 2,
    "bottom_right_border_color": "16f5348e",
    "bottom_right_border_style": "plain",
    "bottom_right_border_width": 2,
    "font_name": "Helvetica",
    "isForked": true,
    "shadow": {
      "br": 0,
      "color": "000000",
      "inner": false,
      "nm": 0,
      "x": 0,
      "y": 0
    },
    "top_left_border_color": "16f5348e",
    "top_left_border_style": "plain",
    "top_left_border_width": 2,
    "top_right_border_color": "16f5348e",
    "top_right_border_style": "plain",
    "top_right_border_width": 2
  },
  "spaandroidtablet": {
    "background_color": "ff00000f",
    "bg_type": "one",
    "bottom_left_border_color": "16f5348e",
    "bottom_left_border_style": "plain",
    "bottom_left_border_width": 2,
    "bottom_right_border_color": "16f5348e",
    "bottom_right_border_style": "plain",
    "bottom_right_border_width": 2,
    "font_name": "Helvetica",
    "isForked": true,
    "shadow": {
      "br": 0,
      "color": "000000",
      "inner": false,
      "nm": 0,
      "x": 0,
      "y": 0
    },
    "top_left_border_color": "16f5348e",
    "top_left_border_style": "plain",
    "top_left_border_width": 2,
    "top_right_border_color": "16f5348e",
    "top_right_border_style": "plain",
    "top_right_border_width": 2
  },
  "spabb": {
    "background_color": "ff00000f",
    "bg_type": "one",
    "bottom_left_border_color": "16f5348e",
    "bottom_left_border_style": "plain",
    "bottom_left_border_width": 2,
    "bottom_right_border_color": "16f5348e",
    "bottom_right_border_style": "plain",
    "bottom_right_border_width": 2,
    "font_name": "Helvetica",
    "isForked": true,
    "shadow": {
      "br": 0,
      "color": "000000",
      "inner": false,
      "nm": 0,
      "x": 0,
      "y": 0
    },
    "top_left_border_color": "16f5348e",
    "top_left_border_style": "plain",
    "top_left_border_width": 2,
    "top_right_border_color": "16f5348e",
    "top_right_border_style": "plain",
    "top_right_border_width": 2
  },
  "spaip": {
    "background_color": "ff00000f",
    "bg_type": "one",
    "bottom_left_border_color": "16f5348e",
    "bottom_left_border_style": "plain",
    "bottom_left_border_width": 2,
    "bottom_right_border_color": "16f5348e",
    "bottom_right_border_style": "plain",
    "bottom_right_border_width": 2,
    "font_name": "Helvetica",
    "isForked": true,
    "shadow": {
      "br": 0,
      "color": "000000",
      "inner": false,
      "nm": 0,
      "x": 0,
      "y": 0
    },
    "top_left_border_color": "16f5348e",
    "top_left_border_style": "plain",
    "top_left_border_width": 2,
    "top_right_border_color": "16f5348e",
    "top_right_border_style": "plain",
    "top_right_border_width": 2
  },
  "spaipad": {
    "background_color": "ff00000f",
    "bg_type": "one",
    "bottom_left_border_color": "16f5348e",
    "bottom_left_border_style": "plain",
    "bottom_left_border_width": 2,
    "bottom_right_border_color": "16f5348e",
    "bottom_right_border_style": "plain",
    "bottom_right_border_width": 2,
    "font_name": "Helvetica",
    "isForked": true,
    "shadow": {
      "br": 0,
      "color": "000000",
      "inner": false,
      "nm": 0,
      "x": 0,
      "y": 0
    },
    "top_left_border_color": "16f5348e",
    "top_left_border_style": "plain",
    "top_left_border_width": 2,
    "top_right_border_color": "16f5348e",
    "top_right_border_style": "plain",
    "top_right_border_width": 2
  },
  "spawindowstablet": {
    "background_color": "ff00000f",
    "bg_type": "one",
    "bottom_left_border_color": "16f5348e",
    "bottom_left_border_style": "plain",
    "bottom_left_border_width": 2,
    "bottom_right_border_color": "16f5348e",
    "bottom_right_border_style": "plain",
    "bottom_right_border_width": 2,
    "font_name": "Helvetica",
    "isForked": true,
    "shadow": {
      "br": 0,
      "color": "000000",
      "inner": false,
      "nm": 0,
      "x": 0,
      "y": 0
    },
    "top_left_border_color": "16f5348e",
    "top_left_border_style": "plain",
    "top_left_border_width": 2,
    "top_right_border_color": "16f5348e",
    "top_right_border_style": "plain",
    "top_right_border_width": 2
  },
  "spawinphone8": {
    "background_color": "ff00000f",
    "bg_type": "one",
    "bottom_left_border_color": "16f5348e",
    "bottom_left_border_style": "plain",
    "bottom_left_border_width": 2,
    "bottom_right_border_color": "16f5348e",
    "bottom_right_border_style": "plain",
    "bottom_right_border_width": 2,
    "font_name": "Helvetica",
    "isForked": true,
    "shadow": {
      "br": 0,
      "color": "000000",
      "inner": false,
      "nm": 0,
      "x": 0,
      "y": 0
    },
    "top_left_border_color": "16f5348e",
    "top_left_border_style": "plain",
    "top_left_border_width": 2,
    "top_right_border_color": "16f5348e",
    "top_right_border_style": "plain",
    "top_right_border_width": 2
  },
  "tabrcandroid": {
    "background_color": "ff00000f",
    "bg_type": "one",
    "border_color": "ff0000ff",
    "border_type": 0,
    "font_name": "default",
    "isForked": true
  },
  "wType": "FlexContainer",
  "watchos": {
    "font_name": "System"
  },
  "windows8": {
    "background_color": "ff00000f",
    "bg_type": "one",
    "border_color": "ff0000ff",
    "border_type": 0,
    "font_name": "None",
    "isForked": true
  },
  "winphone8": {
    "background_color": "ff00000f",
    "bg_type": "one",
    "border_color": "ff0000ff",
    "border_type": 0,
    "font_name": "None",
    "isForked": true
  }
}