{
  "android": {
    "font_name": "SourceSansPro-Regular",
    "font_size": 115,
    "isForked": false
  },
  "androidwearos": {
    "font_name": "default",
    "font_size": 115,
    "isForked": false
  },
  "background_color": "ffffffff",
  "bg_type": "one",
  "border_color": "3333331c",
  "border_style": "plain",
  "border_type": 0,
  "border_width": 0,
  "desktopweb": {
    "font_name": "Helvetica",
    "font_size": 115,
    "isForked": false
  },
  "fontSizeInPx": false,
  "font_color": "575157ff",
  "font_name": "iphoneSystem",
  "font_size": 115,
  "font_style": "normal",
  "font_weight": "normal",
  "ipad": {
    "font_name": "System",
    "font_size": 115,
    "isForked": false
  },
  "iphone": {
    "font_name": "SourceSansPro-Regular",
    "font_size": 115,
    "isForked": false
  },
  "isDefaultSkin": false,
  "kiosk": {
    "font_name": "None",
    "font_size": 115,
    "isForked": false
  },
  "kuid": "scf74b2badfe4ed890634503a71d876a",
  "spaan": {
    "font_name": "Helvetica",
    "font_size": 115,
    "isForked": false
  },
  "spaandroidtablet": {
    "font_name": "Helvetica",
    "font_size": 115,
    "isForked": false
  },
  "spabb": {
    "font_name": "Helvetica",
    "font_size": 115,
    "isForked": false
  },
  "spaip": {
    "font_name": "Helvetica",
    "font_size": 115,
    "isForked": false
  },
  "spaipad": {
    "font_name": "Helvetica",
    "font_size": 115,
    "isForked": false
  },
  "spawindowstablet": {
    "font_name": "Helvetica",
    "font_size": 115,
    "isForked": false
  },
  "spawinphone8": {
    "font_name": "Helvetica",
    "font_size": 115,
    "isForked": false
  },
  "tabrcandroid": {
    "font_name": "default",
    "font_size": 115,
    "isForked": false
  },
  "wType": "TextField",
  "watchos": {
    "font_name": "System",
    "font_size": 115,
    "isForked": false
  },
  "windows8": {
    "font_name": "None",
    "font_size": 115,
    "isForked": false
  },
  "winphone8": {
    "font_name": "None",
    "font_size": 115,
    "isForked": false
  }
}