{
  "android": {
    "font_name": "Helvetica",
    "font_size": 100,
    "isForked": false
  },
  "androidwearos": {
    "font_name": "default",
    "font_size": 100,
    "isForked": false
  },
  "background_color": "ffffffff",
  "bg_type": "one",
  "border_color": "33333333",
  "border_radius": 3,
  "border_style": "custom",
  "border_type": 0,
  "border_width": 1,
  "desktopweb": {
    "font_name": "Helvetica",
    "font_size": 100,
    "isForked": false
  },
  "fontSizeInPx": false,
  "font_color": "333333ff",
  "font_name": "iphoneSystem",
  "font_size": 100,
  "font_style": "normal",
  "font_weight": "normal",
  "ipad": {
    "font_name": "System",
    "font_size": 100,
    "isForked": false
  },
  "iphone": {
    "font_name": "Helvetica",
    "font_size": 100,
    "isForked": false
  },
  "isDefaultSkin": false,
  "kiosk": {
    "font_name": "None",
    "font_size": 100,
    "isForked": false
  },
  "kuid": "s39728d34f104b73adb177696e22bc24",
  "spaan": {
    "font_name": "Helvetica",
    "font_size": 100,
    "isForked": false
  },
  "spaandroidtablet": {
    "font_name": "Helvetica",
    "font_size": 100,
    "isForked": false
  },
  "spabb": {
    "font_name": "Helvetica",
    "font_size": 100,
    "isForked": false
  },
  "spaip": {
    "font_name": "Helvetica",
    "font_size": 100,
    "isForked": false
  },
  "spaipad": {
    "font_name": "Helvetica",
    "font_size": 100,
    "isForked": false
  },
  "spawindowstablet": {
    "font_name": "Helvetica",
    "font_size": 100,
    "isForked": false
  },
  "spawinphone8": {
    "font_name": "Helvetica",
    "font_size": 100,
    "isForked": false
  },
  "tabrcandroid": {
    "font_name": "default",
    "font_size": 100,
    "isForked": false
  },
  "wType": "TextArea",
  "watchos": {
    "font_name": "System",
    "font_size": 100,
    "isForked": false
  },
  "windows8": {
    "font_name": "None",
    "font_size": 100,
    "isForked": false
  },
  "winphone8": {
    "font_name": "None",
    "font_size": 100,
    "isForked": false
  }
}