{
    "DNDConfig": null,
    "__parentReadjusting__": false,
    "_height_": {
        "type": "string",
        "value": "100%"
    },
    "_margin_": [
        0,
        0,
        0,
        0
    ],
    "_orientation_": 6,
    "_padding_": [
        0,
        0,
        0,
        0
    ],
    "_percent_": true,
    "_right_": {
        "type": "string",
        "value": "0%"
    },
    "_skin_": "s9f2bb6052c3459abef54bbc91273a67",
    "_width_": {
        "type": "string",
        "value": "15%"
    },
    "allboxes": [],
    "autogrowmode": 0,
    "canUpdateUI": true,
    "centery": {
        "type": "string",
        "value": "50%"
    },
    "children": [
        "imgSearchIcon"
    ],
    "clipbounds": true,
    "containerweight": 100,
    "disabledSkins": {},
    "enablescrolling": true,
    "focusskin": "se6f5a321f62411ea9503642dcb0b102",
    "id": "flxImgSearch",
    "info": null,
    "iscustomlayout": false,
    "isvisible": true,
    "kuid": "b30386dcc6c84794b17f43e002a7d093",
    "layouttype": 2,
    "name": "kony.ui.FlexContainer",
    "parent": "flxCrewSearch",
    "pf": "userwidgetmodel",
    "retaincontentalignment": false,
    "retainflexpositionproperties": false,
    "retainflowhorizontalalignment": false,
    "snapgridsize": 10,
    "snaptogrid": true,
    "wType": "FlexContainer",
    "widgetalignment": 1,
    "zindex": 2
}