{
    "@class": "com.kony.gen.viz.model.component.KVizTextBox2",
    "DNDConfig": null,
    "__parentReadjusting__": false,
    "_height_": {
        "type": "string",
        "value": "100%"
    },
    "_left_": {
        "type": "string",
        "value": "0dp"
    },
    "_margin_": [
        0,
        0,
        0,
        0
    ],
    "_padding_": [
        3,
        0,
        0,
        0
    ],
    "_placeholder_": "Search",
    "_skin_": "scf74b2badfe4ed890634503a71d876a",
    "_text_": "",
    "_top_": {
        "type": "string",
        "value": "0dp"
    },
    "_width_": {
        "type": "string",
        "value": "85%"
    },
    "android": {
        "psp": {
            "keyboardActionLabel": 1
        }
    },
    "autocapitalize": "none",
    "autocomplete": false,
    "autocorrect": false,
    "autofilter": false,
    "canUpdateUI": true,
    "containerheight": "",
    "containerheightmode": 1,
    "containerweight": 100,
    "contentalignment": 4,
    "focusskin": "scf74b2badfe4ed890634503a71d876a",
    "id": "tbxSearch",
    "ide_onDone": "AS_TextField_g3d1fd7283f342aa9c0bdc6ceb62b269",
    "info": null,
    "iphone": {},
    "iscustomlayout": false,
    "isvisible": true,
    "keyboardactionlabel": 1,
    "keyboardtype": "A",
    "kuid": "bd7f382d2af64d93a54a8b25557d9705",
    "mode": "A",
    "name": "kony.ui.TextBox2",
    "parent": "flxCrewSearch",
    "pf": "userwidgetmodel",
    "placeholderskin": "sf5e41f95a594f5db7a82901179b060c",
    "retaincontentalignment": false,
    "retainflexpositionproperties": false,
    "securetextentry": false,
    "textinputmode": "A",
    "tooltip": "",
    "viewtype": "default",
    "wType": "TextField",
    "zindex": 1
}