{
    "@class": "com.kony.gen.viz.model.component.KVizLabel",
    "DNDConfig": null,
    "__parentReadjusting__": false,
    "_height_": {
        "type": "ref",
        "value": "preferred"
    },
    "_left_": {
        "type": "string",
        "value": "0dp"
    },
    "_margin_": [
        1,
        1,
        1,
        1
    ],
    "_padding_": [
        4,
        0,
        0,
        0
    ],
    "_skin_": "s9c2c195fbb24aed9cf246ebf9c0e74c",
    "_text_": "ID",
    "_top_": {
        "type": "number",
        "value": "5"
    },
    "_width_": {
        "type": "string",
        "value": "97%"
    },
    "_wrapping_": 2,
    "android": {
        "textStyle": {
            "letterSpacing": 0,
            "strikeThrough": false
        }
    },
    "canUpdateUI": true,
    "centerx": {
        "type": "string",
        "value": "50%"
    },
    "containerId": true,
    "containerweight": 100,
    "contentalignment": 4,
    "id": "lblType",
    "info": null,
    "ipad": {
        "psp": {
            "wrapping": 2
        }
    },
    "iphone": {
        "psp": {
            "wrapping": 2
        }
    },
    "iscustomlayout": false,
    "isvisible": true,
    "kuid": "c88e1904ebe3476c93bd7a9abe3a6791",
    "maxnumberoflines": 1,
    "maxwidth": {
        "type": "string",
        "value": "90%"
    },
    "name": "kony.ui.Label",
    "paddinginpixel": false,
    "parent": "flxDesc",
    "pf": "tempAttachments",
    "retaincontentalignment": false,
    "retainflexpositionproperties": false,
    "textstyle": {},
    "texttruncateposition": 3,
    "tooltip": "",
    "wType": "Label"
}