{
    "@class": "com.kony.gen.viz.model.component.KVizButton",
    "DNDConfig": null,
    "__parentReadjusting__": false,
    "_height_": {
        "type": "string",
        "value": "100%"
    },
    "_margin_": [
        6,
        6,
        6,
        6
    ],
    "_padding_": [
        0,
        0,
        0,
        0
    ],
    "_right_": {
        "type": "string",
        "value": "0%"
    },
    "_skin_": "sb15e05689fc498f9f0190bd42ef26b4",
    "_text_": "",
    "_top_": {
        "type": "string",
        "value": "0dp"
    },
    "_width_": {
        "type": "string",
        "value": "12%"
    },
    "canUpdateUI": true,
    "containerId": true,
    "containerweight": 100,
    "contentalignment": 5,
    "displaytext": true,
    "focusskin": "sb15e05689fc498f9f0190bd42ef26b4",
    "id": "btnAssetDelete",
    "info": null,
    "iscustomlayout": false,
    "isvisible": true,
    "kuid": "e5f91947d023440badcd0f0e6ad79522",
    "name": "kony.ui.Button",
    "parent": "flxContainer",
    "pf": "tempAssetTools",
    "retaincontentalignment": false,
    "retainflexpositionproperties": false,
    "wType": "Button",
    "zindex": 1
}